,precision,recall,f1-score,support
0.0,0.9972451790633609,0.8938271604938272,0.9427083333333333,405.0
1.0,0.9038031319910514,0.9975308641975309,0.9483568075117371,405.0
accuracy,0.945679012345679,0.945679012345679,0.945679012345679,0.945679012345679
macro avg,0.9505241555272061,0.9456790123456791,0.9455325704225352,810.0
weighted avg,0.9505241555272061,0.945679012345679,0.9455325704225351,810.0
